id,username,mail,nombre
1,CastOcKa,pablo11994@gmail.com,Pablo Morales
2,ULAstiOT,ulicastt99@gmail.com,Ulises Castañeda
3,ankIaSity,lindsity@gmail.com,Lindsey Williams
4,mrBright,rayrayray@gmail.com,Ray Richardson
5,Rolo33,rolomarto1997@gmail.com,Martin Telechea
6,otherhell,thisiskeith@gmail.com,Keith Humpreys
7,anama11,anamariar@gmail.com,Ana María Real
8,lu_lu,lucrereynoso@outlook.com,Lucrecia Reynoso
9,Sartorius,matiasb33@outlook.com,Matias Benavides
10,SpiderMars,hannabanana@outlook.com,Hanna Vancluysen
11,KuroCat,claralombardo@gmail.com,Clara Lombardo
12,Morena,blangre19@outlook.com,Blanca Greco
13,andreei,andrecbj@gmail.com,Andres Soto
14,rockisdead,felicianosoto@gmail.com,Feliciano Soto
15,xxjcxx,gabitoiba@gmail.com,Gabino Ibañez
16,elincomprendido,flopomedi@hotmail.com,Florencio Medina
17,Rainbow,domhort1@hotmail.com,Dominic Horter
18,RhcpTony,tonyhawks@gmail.com,Tony Hawkings
19,Big,lew00taylor@gmail.com,Lewis Taylor
20,Cigarrrr,zaraisalive@gmail.com,Zara Shaw